date,atmospheric pressure,air temperature,relative air humidity,wind speed,height
2018-03-14,926.8608333,20.72166667,87.05,3.82,771
2018-03-15,927.0225,18.785,81.05,4,771
2018-03-16,926.325,24.325,77.66666667,3.9,771
2018-03-17,926.6666667,22.81666667,84.20833333,3.7,771
2018-03-18,924.7208333,22.4,84.45833333,3.9,771
2018-03-19,923.8458333,24.125,79.83333333,4.2,771
2018-03-20,924.8625,23.63333333,86.41666667,3.7,771
2018-03-21,925.8416667,21.3375,87.41666667,3.3,771
2018-03-22,926.5333333,20.3,91.29166667,3.9,771
2018-03-23,926.7666667,22.3625,84.16666667,4.5,771
2018-03-24,927.1166667,23.70833333,79.58333333,3,771
2018-03-25,926.8541667,24.85416667,68.79166667,3.2,771
2018-03-26,927.9541667,22.60833333,83.08333333,2.9,771
2018-03-27,929.5541667,21.7375,86.54166667,3.3,771
2018-03-28,929.3333333,21.29166667,86.95833333,3,771
2018-03-29,928.7791667,21.47916667,88.91666667,3.4,771
2018-03-30,927.4666667,21.64583333,85,3.6,771
2018-03-31,926.0583333,22.1875,83.20833333,3.9,771
2018-04-01,924.4125,22.66666667,79.58333333,3.9,771
2018-04-02,923.8166667,22.10833333,81.5,3.5,771
2018-04-03,923.0666667,21.64583333,86.625,3.1,771
2018-04-04,924.35,20.35,86,3.9,771
2018-04-05,924.7375,20.48333333,84.125,4.2,771
2018-04-06,926.1541667,20.79166667,84.25,4.2,771
2018-04-07,927.8041667,20.65833333,84.58333333,4.7,771
2018-04-08,929.2708333,21.05833333,84.45833333,3.9,771
2018-04-09,929.7208333,20.925,83.29166667,3.7,771
2018-04-10,930.2541667,20.7,82.95833333,3.7,771
2018-04-11,930.4458333,20.575,82.375,3.9,771
2018-04-12,930.3208333,21.33333333,78.5,3.3,771
2018-04-13,930.9083333,22.4375,72.83333333,3.8,771
2018-04-14,933.5458333,20.46666667,84.91666667,3.7,771
2018-04-15,934.5166667,18.67083333,94.41666667,4.5,771
2018-04-16,934.3125,17.73333333,88.83333333,4.4,771
2018-04-17,934.2625,17.94166667,82.45833333,4.1,771
2018-04-18,934.6708333,17.925,78.20833333,4,771
2018-04-19,932.8833333,18.33333333,75.75,3.5,771
2018-04-20,930.9791667,18.41666667,72.5,2.9,771
2018-04-21,929.5958333,17.04583333,83.75,3.6,771
2018-04-22,929.35,18.79583333,82.875,3.9,771
2018-04-23,930.3416667,19.47083333,83,4,771
2018-04-24,931.4541667,19.62083333,84.625,4.2,771
2018-04-25,931.9041667,19.83333333,84.83333333,4.1,771
2018-04-26,930.9291667,20.14583333,86.25,3.5,771
2018-04-27,930.9125,21.05416667,82.45833333,3.4,771
2018-04-28,931.2125,21.17916667,82.95833333,2.8,771
2018-04-29,930.6,21.04583333,80.5,3.4,771
2018-04-30,929.575,22.14166667,68.45833333,2.1,771
2018-05-01,930.7625,20.35,85.04166667,3.7,771
2018-05-02,931.9958333,20.2,84.16666667,4.3,771
2018-05-03,930.6958333,21.64166667,76.45833333,2.5,771
2018-05-04,930.05,22.15,77.125,2.5,771
2018-05-05,930.8916667,21.175,81.04166667,4.1,771
2018-05-06,932.8666667,19.88333333,84.16666667,3.7,771
2018-05-07,933.3416667,19.4625,85.66666667,4.2,771
2018-05-08,932.9875,18.32083333,87.54166667,4.3,771
2018-05-09,932.9041667,17.83333333,83.125,3.8,771
2018-05-10,930.6791667,19.15,77.95833333,2.3,771
2018-05-11,928.6666667,20.77916667,70.41666667,3.3,771
2018-05-12,926.65,19.42916667,76.83333333,3.5,771
2018-05-13,929.55,17.45833333,84.41666667,3.2,771
2018-05-14,930.6208333,17.52916667,85.04166667,4.3,771
2018-05-15,928.9041667,19.60833333,80.83333333,3.2,771
2018-05-16,927.8458333,19.37083333,83.875,4.2,771
2018-05-17,929.5125,18.50833333,85.45833333,4,771
2018-05-18,927.1166667,21.12916667,74.75,4,771
2018-05-19,922.4375,19.93333333,76.41666667,4,771
2018-05-20,924.6583333,14.05416667,65.66666667,4.6,771
2018-05-21,928.2041667,13.1375,71.66666667,2.8,771
2018-05-22,929.8041667,14.65833333,81.66666667,3.3,771
2018-05-23,932.2541667,14.57916667,86.54166667,3.4,771
2018-05-24,934.7083333,15.7625,82.875,3.7,771
2018-05-25,934,16.525,85.95833333,3,771
2018-05-26,933.1416667,16.99166667,84.5,3.5,771
2018-05-27,934.4166667,16.69166667,84.20833333,3.9,771
2018-05-28,935.15,16.15833333,82.08333333,3.3,771
2018-05-29,934.7375,16.81666667,77.375,3.2,771
2018-05-30,933.225,17.29583333,74.20833333,2.2,771
2018-05-31,929.8,17.05416667,75.20833333,2.8,771
2018-06-01,927.9,19.3125,66.66666667,3.8,771
2018-06-02,928.925,19.87083333,58,3.8,771
2018-06-03,933.5291667,15.94166667,91.79166667,4.2,771
2018-06-04,935.4416667,13.925,91.20833333,3.6,771
2018-06-05,930.0833333,15.29583333,89.33333333,2.7,771
2018-06-06,925.6541667,16.175,89.79166667,2.8,771
2018-06-07,927.0958333,17.29166667,89.75,2.9,771
2018-06-08,930.1,15.59583333,90.66666667,3.6,771
2018-06-09,932.0666667,15.125,86.29166667,2.4,771
2018-06-10,929.625,18.525,85.5,2.1,771
2018-06-11,928.4958333,21.5,75.08333333,3.2,771
2018-06-12,927.6791667,22.46666667,68.16666667,3,771
2018-06-13,929.2416667,20.22083333,88,3.3,771
2018-06-14,933.2583333,14.77916667,93.79166667,3.6,771
2018-06-15,934.8125,13.4125,93.08333333,3.5,771
2018-06-16,936.2958333,13.43333333,91.45833333,3.8,771
2018-06-17,937.1875,13.6875,93.79166667,3.3,771
2018-06-18,937.1833333,15,93,3.4,771
2018-06-19,936.1541667,16.425,88,3.8,771
2018-06-20,934.7583333,18.34583333,79.20833333,2.3,771
2018-06-21,932.3708333,18.48333333,76.29166667,2.7,771
2018-06-22,931.2541667,18.2375,75.16666667,2.4,771
2018-06-23,930.3125,18.30416667,75.04166667,2.6,771
2018-06-24,930.4041667,20.74583333,68.95833333,4.1,771
2018-06-25,929.4083333,19.6625,71.08333333,2.9,771
2018-06-26,928.3,19.875,55.04166667,2.8,771
2018-06-27,930.6583333,16.3125,87.79166667,3.7,771
2018-06-28,931.3666667,18.9625,75.66666667,1.9,771
2018-06-29,930.4,19.4375,68.91666667,2.5,771
2018-06-30,928.2458333,18.9,72.08333333,3.1,771
2018-07-01,928.4666667,18.22083333,81.70833333,2.2,771
2018-07-02,927.9541667,20.04166667,66.33333333,2.7,771
2018-07-03,929.6833333,17.47083333,78.20833333,3.9,771
2018-07-04,930.8833333,15.47083333,91.95833333,3.4,771
2018-07-05,930.7208333,17.95833333,82.54166667,1.9,771
2018-07-06,931.25,19.19166667,74.58333333,2.9,771
2018-07-07,930.3,18.60833333,73.875,2.9,771
2018-07-08,928.9166667,19.4625,62.625,2.5,771
2018-07-09,929.9791667,16.89583333,83.29166667,3.8,771
2018-07-10,932.2458333,11.34166667,86.45833333,3.1,771
2018-07-11,933.9333333,10.45833333,85.45833333,3.3,771
2018-07-12,934.15,11.12916667,81.66666667,3.6,771
2018-07-13,931.9625,14.4625,70.625,2.3,771
2018-07-14,930.8875,17.4625,64.875,2.8,771
2018-07-15,930.725,18.50833333,64.375,1.6,771
2018-07-16,932.5083333,19.10416667,64.75,1.9,771
2018-07-17,933.5958333,17.4875,75.29166667,2.8,771
2018-07-18,932.2333333,18.54166667,71.70833333,2.5,771
2018-07-19,930.6208333,19.92083333,63.70833333,2.5,771
2018-07-20,929.625,20.80833333,61.70833333,4.8,771
2018-07-21,930.4708333,18.02083333,72.83333333,4.4,771
2018-07-22,933.5458333,14.85833333,93.875,4,771
2018-07-23,933.7333333,18.29166667,77,2.2,771
2018-07-24,935.2583333,15.40416667,89.95833333,3.8,771
2018-07-25,935.8125,16.2125,87.91666667,3.5,771
2018-07-26,934.1416667,17.15833333,82.83333333,3.7,771
2018-07-27,932.1791667,18.75416667,70.66666667,2.6,771
2018-07-28,930.3708333,19.83333333,64.79166667,2,771
2018-07-29,927.4625,21.50416667,53.70833333,4.1,771
2018-07-30,927.3041667,17.12916667,78.95833333,3.9,771
2018-07-31,928.375,15.05416667,89.125,3.9,771
2018-08-01,931.3958333,12.425,92.125,3.7,771
2018-08-02,931.4583333,13.92916667,92.625,3.2,771
2018-08-03,929.2166667,15.04583333,93.16666667,2.6,771
2018-08-04,927.3,16.4,84.41666667,2.5,771
2018-08-05,928.1583333,15.43333333,87.16666667,3.7,771
2018-08-06,931.6833333,13.36666667,91.66666667,2.8,771
2018-08-07,932.8875,12.94166667,95.04166667,3.2,771
2018-08-08,931.9416667,16.475,85.79166667,2.3,771
2018-08-09,927.5875,18.84166667,79.5,4.6,771
2018-08-10,926.5791667,15.12916667,62.5,4.9,771
2018-08-11,929.0125,13.7625,67.70833333,3.4,771
2018-08-12,932.3416667,12.60416667,81.41666667,3.2,771
2018-08-13,931.775,12.9875,83.33333333,4.1,771
2018-08-14,929.6791667,15.91666667,78.04166667,3.9,771
2018-08-15,930.9291667,13.30416667,93.79166667,3.6,771
2018-08-16,934.8458333,14.7,89.54166667,4,771
2018-08-17,936.9625,13.96666667,91.91666667,3.4,771
2018-08-18,935.05,15.02083333,89.70833333,3.9,771
2018-08-19,933.3416667,17.42083333,78.04166667,3,771
2018-08-20,933.1708333,19.49166667,63.875,3,771
2018-08-21,933.2125,16.29166667,83.20833333,5.2,771
2018-08-22,932.2291667,17.32083333,80.70833333,2.5,771
2018-08-23,929.2083333,20.03333333,71.125,2.2,771
2018-08-24,928.0375,21.6125,63.125,2.9,771
2018-08-25,929.0583333,18.89583333,78.33333333,4.7,771
2018-08-26,934.7833333,11.975,91.66666667,3.9,771
2018-08-27,935.5791667,11.32916667,93,3.9,771
2018-08-28,934.8708333,15.52083333,86,4.1,771
2018-08-29,933.5916667,17.2375,82.20833333,2.7,771
2018-08-30,929.9416667,20.51666667,64.54166667,3.5,771
2018-08-31,927.325,22.33333333,55.20833333,2.5,771
2018-09-01,927.15,20.375,69.25,4.9,771
2018-09-02,926.5041667,19.89166667,74.125,4.3,771
2018-09-03,924.7291667,18.70833333,80.54166667,5,771
2018-09-04,925.125,13.71666667,76.54166667,3.8,771
2018-09-05,931.5333333,11.95833333,87.625,4.7,771
2018-09-06,933.6875,12.7875,85.25,4.9,771
2018-09-07,932.6041667,15.9875,77.875,3.9,771
2018-09-08,931.6083333,15.41666667,85.75,4.3,771
2018-09-09,931.3,15.64166667,82.58333333,3.8,771
2018-09-10,930.9416667,16.1875,80.66666667,5,771
2018-09-11,929.875,15.875,81.54166667,4.7,771
2018-09-12,930.9291667,15.70416667,86.95833333,4.7,771
2018-09-13,928.5625,16.675,84.04166667,3.9,771
2018-09-14,925.35,16.32083333,93.58333333,3.4,771
2018-09-15,924.8375,17.175,90.75,4.1,771
2018-09-16,927.5625,15.8125,83.95833333,3.8,771
2018-09-17,926.4125,16.225,86.79166667,3.6,771
2018-09-18,924.4458333,20.62083333,79.5,3.7,771
2018-09-19,925.9625,22.61666667,73.75,3.7,771
2018-09-20,928.4416667,19.55416667,78.41666667,5.5,771
2018-09-21,927.3416667,19.41666667,86.25,2.8,771
2018-09-22,927.9083333,19.1125,82.66666667,3.3,771
2018-09-23,926.5375,21.25,69.75,4.7,771
2018-09-24,927.2416667,19.98333333,79.79166667,4.8,771
2018-09-25,927.9166667,18.42083333,85.95833333,4.1,771
2018-09-26,926.1208333,21.35,79.70833333,3.8,771
2018-09-27,925.3958333,20.29583333,89.5,4.3,771
2018-09-28,928.0625,18.64166667,93.33333333,2.8,771
2018-09-29,928.1333333,19.46666667,91.04166667,4,771
2018-09-30,926.3875,20.7,87.625,3.9,771
2018-10-01,925.6875,20.91666667,85.29166667,3.6,771
2018-10-02,926.425,22.14166667,79.29166667,3.3,771
2018-10-03,925.9458333,22.65416667,81.54166667,5.7,771
2018-10-04,928.9416667,19.44166667,88.75,4.1,771
2018-10-05,930.8041667,15.35416667,92.79166667,4.6,771
2018-10-06,930.4333333,15.00833333,88.375,3.9,771
2018-10-07,928.7791667,16.45,90.125,2.6,771
2018-10-08,927.4375,18.825,93.5,2.3,771
2018-10-09,924.9583333,22.34166667,81.70833333,3.2,771
2018-10-10,925.5208333,21.08333333,88.375,3.9,771
2018-10-11,929.725,18.48333333,94.91666667,4.2,771
2018-10-12,929.5291667,18.44583333,93.16666667,3.7,771
2018-10-13,926.0458333,22.0875,84.75,5.2,771
2018-10-14,927.3458333,17.66666667,92.33333333,3.8,771
2018-10-15,925.4583333,17.32916667,92.875,4,771
2018-10-16,925.5708333,18.14166667,93,3.1,771
2018-10-17,925.8,21.425,86.54166667,3.3,771
2018-10-18,925.05,22.81666667,81.79166667,3.8,771
2018-10-19,925.7375,18.65833333,91.5,4.9,771
2018-10-20,929.1833333,15.9375,80.79166667,5,771
2018-10-21,929.0458333,15.60416667,80.29166667,4.6,771
2018-10-22,928.1958333,17.30833333,81.54166667,4.4,771
2018-10-23,927.125,19.54583333,81.54166667,3.7,771
2018-10-24,929.1583333,16.9375,95,3.8,771
2018-10-25,927.1458333,18.06666667,94.5,2.4,771
2018-10-26,924.5208333,19.60416667,92.20833333,2.6,771
2018-10-27,919.475,21.475,87.16666667,3.6,771
2018-10-28,925.8166667,15.99583333,86.45833333,4.6,771
2018-10-29,928.15,15.05416667,87.70833333,3.9,771
2018-10-30,928.8041667,17.9125,81.83333333,3.8,771
2018-10-31,927.4583333,20.70416667,81.54166667,4.5,771
2018-11-01,926.3458333,20.55833333,80.83333333,4.3,771
2018-11-02,926.7333333,19.08333333,88.04166667,4.2,771
2018-11-03,923.6958333,23.77083333,74.29166667,7.3,771
2018-11-04,925.5041667,17.8875,86.125,4.9,771
2018-11-05,928.5041667,16.1625,89.20833333,4.3,771
2018-11-06,928.1375,17.3125,89.5,3.9,771
2018-11-07,929.2041667,18.025,91.875,5.4,771
2018-11-08,931.2833333,16.57916667,93.125,5.5,771
2018-11-09,929.8583333,18.02083333,88.20833333,4.3,771
2018-11-10,926.1666667,19.59583333,83.95833333,3,771
2018-11-11,924.9666667,20.55,87.625,3.6,771
2018-11-12,926.3208333,20.475,88.04166667,4.5,771
2018-11-13,925.9208333,23.55416667,77.5,3.3,771
2018-11-14,923.7541667,26.26666667,67.83333333,3.7,771
2018-11-15,923.7333333,22.425,84.20833333,3.9,771
2018-11-16,928.5375,18.80416667,87.41666667,4.5,771
2018-11-17,929.5333333,18.35833333,86.04166667,4.2,771
2018-11-18,925.4833333,22.60416667,76.79166667,5.4,771
2018-11-19,927.6625,16.4875,93.58333333,5,771
2018-11-20,929.9791667,15.07083333,90.75,4.4,771
2018-11-21,929.7291667,16.09583333,91.95833333,3.6,771
2018-11-22,927.5708333,20.52083333,84.83333333,3.2,771
2018-11-23,925.1208333,22.29166667,79.83333333,3.8,771
2018-11-24,923.0708333,21.41666667,82.375,5.1,771
2018-11-25,925.8291667,19.61666667,88.08333333,4,771
2018-11-26,930.2125,18.1875,78.45833333,4.2,771
2018-11-27,930.4708333,17.45,83.75,4.4,771
2018-11-28,928.9333333,19.00833333,88.5,4,771
2018-11-29,926.0458333,21.85833333,81.54166667,4.7,771
2018-11-30,921.9333333,23.03333333,76.70833333,3.3,771
2018-12-01,920.1208333,21.5625,87.20833333,3.3,771
2018-12-02,922.1416667,20.25416667,87.25,4.6,771
2018-12-03,924.0375,17.78333333,89.66666667,4,771
2018-12-04,921.1625,20.96666667,78.33333333,3.2,771
2018-12-05,922.0166667,22.89166667,68.45833333,4,771
2018-12-06,926.6375,18.92083333,82.29166667,4.7,771
2018-12-07,927.9625,18.15833333,86.125,4.3,771
2018-12-08,930.8375,15.18333333,88.08333333,4.9,771
2018-12-09,931.5916667,17.13333333,75.66666667,4.2,771
2018-12-10,932.1458333,21.32916667,69.5,3.8,771
2018-12-11,931.3458333,24.13333333,61.125,3.2,771
2018-12-12,929.6083333,26.14583333,54.5,3,771
2018-12-13,928.1208333,24.36666667,65.625,4,771
2018-12-14,928.1375,24.79583333,67.70833333,3.9,771
2018-12-15,929.7125,25.75,78.50833333,4.2,771
2018-12-16,930.4333333,24.125,81.79166667,4.4,771
2018-12-17,928.0458333,26.16666667,75.25,2.7,771
2018-12-18,927.8791667,26.3875,68.26666667,3.8,771
2018-12-19,928.4458333,23.55416667,86.33333333,3.7,771
2018-12-20,925.5083333,25.56666667,78.20833333,3.4,771
2018-12-21,924.5,25.57083333,74.95833333,4.4,771
2018-12-22,924.8291667,24.07083333,71.875,4.1,771
2018-12-23,925.8666667,22.55833333,86.58333333,4.5,771
2018-12-24,926.3833333,21.1625,90.91666667,5.2,771
2018-12-25,927.125,20.21666667,88.91666667,4.1,771
2018-12-26,926.4541667,20.18333333,82.91666667,4,771
2018-12-27,924.85,20.5375,83,4.5,771
2018-12-28,924.3166667,21.925,80.08333333,3.3,771
2018-12-29,923.725,22.3375,81.33333333,5,771
2018-12-30,924.1041667,22.41666667,82.54166667,4.5,771
2018-12-31,924.5833333,22.4,80.41666667,4.5,771
2019-01-01,927.1875,22.95,83.04166667,4.4,771
2019-01-02,927.7791667,25.4125,79.30833333,3,771
2019-01-03,925.5375,26.9375,69.70833333,4.3,771
2019-01-04,925.9666667,23.45,84.125,3.5,771
2019-01-05,926.5958333,21.9375,90.875,2.8,771
2019-01-06,926.7583333,22.75833333,87.41666667,3.1,771
2019-01-07,926.2375,25.75833333,71.25,4.2,771
2019-01-08,928.2083333,26.4375,66.20833333,3.3,771
2019-01-09,927.6416667,24.675,80.5,3.7,771
2019-01-10,926.6,26.09583333,72.41666667,3.7,771
2019-01-11,928.6166667,23.57083333,79.5,4.7,771
2019-01-12,928.9958333,23.59583333,82.83333333,4.4,771
2019-01-13,928.6375,23.425,81.70833333,3.7,771
2019-01-14,927.9416667,23.575,83.08333333,3.7,771
2019-01-15,927.6375,25.22916667,71.7,3.1,771
2019-01-16,928.5458333,25.55416667,72.95833333,3.8,771
2019-01-17,928.325,24.99583333,69.33333333,2.5,771
2019-01-18,928.0125,23.98333333,82.625,4.8,771
2019-01-19,925.7708333,25.9125,74.95833333,4.2,771
2019-01-20,927.1375,23.38333333,87.20833333,3.8,771
2019-01-21,927.6583333,26.0375,76.54166667,3.2,771
2019-01-22,929.0416667,24.06666667,88.25,4.6,771
2019-01-23,928.7541667,24.59166667,83.08333333,4.9,771
2019-01-24,928.0958333,23.6375,82.54166667,4.4,771
2019-01-25,928.375,21.63333333,87.45833333,3.2,771
2019-01-26,928.375,21.24583333,80.54166667,4.2,771
2019-01-27,929.0958333,24.09583333,70.58333333,3.7,771
2019-01-28,930.3583333,25.58333333,71.875,4.4,771
2019-01-29,930.0916667,26.20833333,72.75,2.8,771
2019-01-30,928.2625,26.88333333,67.33333333,4.3,771
2019-01-31,927.3375,26.55833333,64.41666667,3.9,771
2019-02-01,927.375,25.99166667,66.83333333,4.2,771
2019-02-02,927.175,25.6125,77.20833333,4,771
2019-02-03,927.2875,23.84166667,84.29166667,4.7,771
2019-02-04,928.125,19.64166667,91.875,5.3,771
2019-02-05,928.6708333,18.54583333,89.5,4.8,771
2019-02-06,927.2125,17.8375,91.125,3.5,771
2019-02-07,925.3708333,19.85,85.33333333,4,771
2019-02-08,925.1208333,21.42916667,81.66666667,3.8,771
2019-02-09,925.9458333,22.62083333,75.875,3.5,771
2019-02-10,925.3458333,24.1,68.29166667,3.5,771
2019-02-11,925.6125,26.19166667,70.08333333,4.1,771
2019-02-12,926.4208333,24.7875,76.875,4.5,771
2019-02-13,928.6958333,19.375,91,4.8,771
2019-02-14,928.8291667,19.31666667,84.375,4.1,771
2019-02-15,924.45,19.8125,88.58333333,2.2,771
2019-02-16,921.35,20.56666667,93,3.6,771
2019-02-17,923.1958333,21.79583333,87.83333333,1.9,771
2019-02-18,925.1291667,22.97916667,84.75,3.4,771
2019-02-19,924.8791667,24.9125,72.5,4.4,771
2019-02-20,924.8208333,24.26666667,77.475,3.9,771
2019-02-21,927.225,21.62083333,89.75,3.5,771
2019-02-22,928.5833333,22.93333333,85.70833333,3.2,771
2019-02-23,926.5666667,24.73333333,74.83333333,3.1,771
2019-02-24,924.2041667,26.04583333,68.25,3.3,771
2019-02-25,923.725,26.17083333,66.625,3.3,771
2019-02-26,925.5583333,20.5125,90.95833333,5.1,771
2019-02-27,925.8666667,22.01666667,83.75,3.4,771
2019-02-28,926.3958333,20.19166667,94.875,2.1,771
2019-03-01,927.0333333,20.41666667,92.875,2.4,771
2019-03-02,927.4166667,21.84166667,87.70833333,3.7,771
2019-03-03,927.6791667,21.31666667,89.125,2.9,771
2019-03-04,928.5791667,21.73333333,84.16666667,2.6,771
2019-03-05,929.9166667,23.20416667,80.75,4.4,771
2019-03-06,929.475,22.77083333,84.04166667,3.5,771
2019-03-07,929.1083333,22.43333333,88.375,3.4,771
2019-03-08,928.3166667,24.27916667,78.33333333,3.2,771
2019-03-09,927.7666667,25.74166667,74.41666667,2.7,771
2019-03-10,928.3583333,22.38333333,86.16666667,4.3,771
2019-03-11,929.0916667,20.18333333,93.75,4.1,771
2019-03-12,927.7083333,22.275,87.25,3.7,771
2019-03-13,926.0541667,24.67083333,78.83333333,3.2,771
2019-03-14,925.9166667,24.1,78.25,2.9,771
2019-03-15,926.8916667,21.75416667,90.33333333,3.4,771
2019-03-16,927.1875,22.19166667,88.875,4.2,771
2019-03-17,926.6,22.16666667,89.875,2.9,771
2019-03-18,924.8458333,24.075,84.41666667,2.8,771
2019-03-19,923.425,24.44583333,82.20833333,3.6,771
2019-03-20,924.5333333,21.07916667,89.41666667,3.8,771
2019-03-21,926.3208333,18.10416667,94.41666667,4.6,771
2019-03-22,928.75,17.7875,88.16666667,4.1,771
2019-03-23,929.0833333,20.00833333,79.5,4.8,771
2019-03-24,928.6916667,20.95,84.95833333,3.8,771
2019-03-25,927.1,22.45416667,77.5,2.7,771
2019-03-26,928.1583333,21.45,84.20833333,4.7,771
2019-03-27,930.7875,21.5875,82.29166667,4.4,771
2019-03-28,932.925,19.825,88.70833333,4.3,771
2019-03-29,933.25,19.4625,86.45833333,4.1,771
2019-03-30,931.6958333,19.67916667,82.375,4.1,771
2019-03-31,928.9458333,20.32083333,81.79166667,3.6,771
2019-04-01,928.2375,20.46666667,82.5,4.3,771
2019-04-02,927.9125,20.09166667,83.375,3.7,771
2019-04-03,925.9541667,21.52083333,76.83333333,2,771
2019-04-04,923.7916667,23.94583333,66.45833333,3.4,771
2019-04-05,923.9041667,25.475,70.29166667,3.8,771
2019-04-06,927.125,23.66666667,84.70833333,4.3,771
2019-04-07,928.0125,23.0625,88.5,2.5,771
2019-04-08,926.775,20.58333333,94.58333333,1.8,771
2019-04-09,928.0458333,18.85,95.70833333,3,771
2019-04-10,929.4041667,18.00416667,90.875,4.1,771
2019-04-11,928.65,19.88333333,87.66666667,3.4,771
2019-04-12,927.7041667,21.025,85.875,4.1,771
2019-04-13,927.8416667,21.17916667,87.5,4,771
2019-04-14,928.7625,20.225,87.95833333,2.6,771
2019-04-15,929.175,20.3375,89,3.9,771
2019-04-16,927.5333333,22.32083333,83.58333333,2.7,771
2019-04-17,924.9375,20.65833333,86.375,3,771
2019-04-18,926.0583333,19.27916667,80.625,3.7,771
2019-04-19,927.1583333,19.25,80.04166667,2.2,771
2019-04-20,926.9875,21.02083333,72.79166667,3,771
2019-04-21,926.0291667,22.87916667,71.875,2.5,771
2019-04-22,926.5416667,21.525,88.20833333,3.6,771
2019-04-23,929.5833333,21.1125,90.41666667,4.4,771
2019-04-24,931.1708333,21.425,89.41666667,4,771
2019-04-25,931.1916667,22.00833333,87.25,4.5,771
2019-04-26,930.5666667,22,87.58333333,3.7,771
2019-04-27,927.625,23.40833333,78.125,3.4,771
2019-04-28,924.4583333,22.73333333,76.66666667,4.6,771
2019-04-29,925.7875,19.02083333,87.625,3.4,771
2019-04-30,928.5458333,19.8125,81.08333333,3.6,771
2019-05-01,927.9041667,20.97083333,81.375,2.1,771
2019-05-02,926.4833333,21.9125,84.04166667,2.2,771
2019-05-03,927.65,22.95416667,80.875,2.2,771
2019-05-04,929.5625,22.94583333,83.16666667,2.9,771
2019-05-05,930.2875,21.89166667,85.66666667,3.5,771
2019-05-06,928.7375,23.43333333,78.75,3,771
2019-05-07,928.9666667,20.6875,87.625,3.9,771
2019-05-08,931.175,17.72916667,92.54166667,4,771
2019-05-09,929.4041667,18.34166667,85.08333333,3.7,771
2019-05-10,926.6083333,20.56666667,82.29166667,2.5,771
2019-05-11,926.1041667,22.47083333,82.33333333,2.7,771
2019-05-12,928.3875,21.95,87.75,4.1,771
2019-05-13,930.7458333,20.7625,89.75,3,771
2019-05-14,928.6541667,21.32916667,85,4.6,771
2019-05-15,929.5416667,17.575,87.41666667,4,771
2019-05-16,931.8125,17.04166667,95.04166667,4.5,771
2019-05-17,931.6416667,17.37083333,91.41666667,4.6,771
2019-05-18,929.925,17.57916667,92.75,2.2,771
2019-05-19,928.9041667,18.37916667,88.04166667,2.7,771
2019-05-20,928.5916667,18.67916667,85.95833333,2.4,771
2019-05-21,928.3083333,19.125,79.25,2.9,771
2019-05-22,927.8708333,19.1,76.41666667,2.1,771
2019-05-23,927.0083333,19.52916667,76.79166667,3,771
2019-05-24,924.6666667,18.7125,86.83333333,3.3,771
2019-05-25,926.9208333,14.97083333,74.54166667,3.8,771
2019-05-26,929.6208333,16.09583333,85.83333333,2.8,771
2019-05-27,928.7708333,18.74583333,70.125,2.7,771
2019-05-28,927.1541667,19.7375,68.5,4,771
2019-05-29,929.1166667,19.12083333,89.04166667,3.5,771
2019-05-30,927.7916667,19.45833333,91.20833333,2.5,771
2019-05-31,924.4333333,21.57916667,78.79166667,3.4,771
2019-06-01,926.1375,19.425,92.41666667,3.5,771
2019-06-02,928.2416667,17.95833333,95.70833333,2.4,771
2019-06-03,930.0875,17.05833333,92.58333333,2.4,771
2019-06-04,934.4166667,14.28333333,86.66666667,4.7,771
2019-06-05,935.5708333,13.84583333,91,3.9,771
2019-06-06,933.9708333,15.49583333,83.45833333,2.7,771
2019-06-07,931.6708333,16.81666667,76.25,2.9,771
2019-06-08,931.6833333,15.8375,78.33333333,3,771
2019-06-09,933.9208333,14.6125,85.54166667,4.2,771
2019-06-10,934.25,16.15416667,82.83333333,2.7,771
2019-06-11,932.6458333,16.8625,84.33333333,2.3,771
2019-06-12,932.5208333,18.4,79.41666667,1.9,771
2019-06-13,933.0166667,20,78.70833333,2.2,771
2019-06-14,933.4291667,21.45416667,69.66666667,1.9,771
2019-06-15,933.3708333,20.775,68,2.6,771
2019-06-16,934.0625,20.00833333,79.20833333,3.2,771
2019-06-17,934.1583333,17.7625,87,3.6,771
2019-06-18,932.2875,18.14166667,80.75,2.4,771
2019-06-19,931.3,19.13333333,75.75,2.7,771
2019-06-20,933.3333333,17.11666667,87,3.6,771
2019-06-21,937,16.79583333,87.95833333,3.7,771
2019-06-22,937.2708333,17.93333333,80.91666667,4.1,771
2019-06-23,934.1416667,18.37916667,76.83333333,3.1,771
2019-06-24,929.4083333,18.6625,67.375,3.7,771
2019-06-25,926.2458333,19.97916667,62.79166667,4.4,771
2019-06-26,926.75,19.83333333,73.70833333,4.1,771
2019-06-27,930.6166667,19.05416667,87.04166667,3.4,771
2019-06-28,931.8708333,20.62916667,79.54166667,2.4,771
2019-06-29,930.5333333,21.58333333,67.95833333,3.6,771
2019-06-30,929.4291667,20.47083333,71,4.6,771
2019-07-01,928.3291667,20.425,69.45833333,3.3,771
2019-07-02,924.1291667,19.92916667,75.54166667,3.2,771
2019-07-03,921.9833333,20.86666667,61.625,4,771
2019-07-04,924.575,15.97916667,95.5,3.1,771
2019-07-05,927.5833333,12.675,93,3.3,771
2019-07-06,932.4625,8.775,77.45833333,2.7,771
2019-07-07,936.1083333,8.5375,84.16666667,3.7,771
2019-07-08,936.35,12.3,78.66666667,3.4,771
2019-07-09,935.5791667,13.59166667,82.625,2.6,771
2019-07-10,933.5666667,14.5375,79.95833333,2.1,771
2019-07-11,930.7083333,15.34583333,74.41666667,2.1,771
2019-07-12,929.9333333,15.92083333,74.33333333,1.8,771
2019-07-13,929.4083333,17.40833333,68.45833333,1.9,771
2019-07-14,928.3708333,18.44166667,65.70833333,2.6,771
2019-07-15,928.2166667,17.17083333,81.875,4.1,771
2019-07-16,930.0208333,13.55416667,89.16666667,4.4,771
2019-07-17,935.4041667,11.175,87.25,3.4,771
2019-07-18,935.9916667,13.3125,83.91666667,4.3,771
2019-07-19,935.2375,14.67916667,77.41666667,3.3,771
2019-07-20,933.95,15.70833333,78.20833333,2.5,771
2019-07-21,932.4833333,16.65,74.04166667,3,771
2019-07-22,932.4166667,19.37083333,62.04166667,3.4,771
2019-07-23,932.6666667,19.64583333,65.20833333,3.3,771
2019-07-24,932.1958333,18.95833333,73.33333333,1.8,771
2019-07-25,933.0958333,16.65416667,89.75,4.2,771
2019-07-26,934.2333333,18.95833333,77.16666667,2.4,771
2019-07-27,934.3333333,19.63333333,66.20833333,3.4,771
2019-07-28,935.0791667,17.25833333,84.79166667,4.1,771
2019-07-29,933.5291667,16.5,85.79166667,4.2,771
2019-07-30,930.5125,18.375,75.5,3.2,771
2019-07-31,929.9916667,17.2375,74,3.4,771
2019-08-01,928.4541667,18.19583333,72.375,4.5,771
2019-08-02,928.0458333,19.15833333,71.66666667,5.7,771
2019-08-03,933.0791667,10.90416667,93.08333333,4.1,771
2019-08-04,937.6208333,10.31666667,86.79166667,4.4,771
2019-08-05,939.85,12.65833333,88.16666667,3.9,771
2019-08-06,938.1541667,16.34583333,80.45833333,3.9,771
2019-08-07,936.4625,18.86666667,77.375,2.3,771
2019-08-08,934.95,20.475,71.58333333,2.1,771
2019-08-09,932.6583333,20.82916667,70.29166667,2.6,771
2019-08-10,930.9625,22.22916667,60.83333333,3.3,771
2019-08-11,933.0958333,18.04583333,82.29166667,3.4,771
2019-08-12,931.3708333,21.34583333,71,3.1,771
2019-08-13,931.8416667,16.975,84.04166667,4.5,771
2019-08-14,937.9458333,11.15416667,92.95833333,4.7,771
2019-08-15,938.8041667,13.04166667,82.25,4.6,771
2019-08-16,935.3125,15.45833333,75.66666667,2.5,771
2019-08-17,930.7458333,18.53333333,61.75,3.4,771
2019-08-18,928.0208333,20.54583333,55.45833333,4.2,771
2019-08-19,930.9166667,15.22916667,93.29166667,3.6,771
2019-08-20,932.95,13.76666667,95.29166667,3.7,771
2019-08-21,933.875,14.40833333,92.29166667,3.4,771
2019-08-22,934.5083333,13.56666667,91.33333333,4.8,771
2019-08-23,932.2666667,14.59583333,84.58333333,3.6,771
2019-08-24,934.2291667,13.89583333,86.5,3.6,771
2019-08-25,936.425,13.88333333,84.83333333,4.5,771
2019-08-26,934.9083333,15.70833333,79.66666667,4.1,771
2019-08-27,934.4083333,16.63333333,82.91666667,5.1,771
2019-08-28,934.0958333,16.54166667,85.45833333,3.7,771
2019-08-29,931.2083333,17.12916667,80.16666667,3.8,771
2019-08-30,929.0041667,20.15833333,67.16666667,2.7,771
2019-08-31,927.0291667,22.77916667,57.79166667,5.7,771
2019-09-01,927.7625,17.03333333,90.79166667,3.7,771
2019-09-02,927.2541667,15.5125,93.66666667,3.2,771
2019-09-03,928.5666667,16.2875,94.875,2.9,771
2019-09-04,932.0125,15.2625,94.70833333,3.4,771
2019-09-05,936.4,13.175,94.95833333,4.4,771
2019-09-06,935.4375,14.10416667,93.29166667,3.7,771
2019-09-07,932.8916667,19.875,79.33333333,2.7,771
2019-09-08,932.6333333,23.6375,68,2,771
2019-09-09,930.125,24.975,57,2.8,771
2019-09-10,928.725,24.93333333,53.95833333,2.5,771
2019-09-11,927.4125,25.0375,60.83333333,1.9,771
2019-09-12,926.2625,27.19166667,50.04166667,3.4,771
2019-09-13,931.2875,17.2,89.91666667,4.7,771
2019-09-14,931.7333333,17.27916667,92.79166667,4,771
2019-09-15,929.9,21.17083333,80.54166667,2.9,771
2019-09-16,928.2791667,24.675,62.16666667,2.7,771
2019-09-17,925.1458333,24.675,61.125,3.4,771
2019-09-18,921.8541667,23.77083333,66.45833333,4.6,771
2019-09-19,923.2625,19.94166667,81.91666667,5.1,771
2019-09-20,925.4375,21.0875,81.79166667,3.6,771
2019-09-21,929.8458333,16.0125,92.79166667,3.6,771
2019-09-22,932.6166667,15.7375,92.29166667,5.2,771
2019-09-23,936.625,13.31666667,86.20833333,5.2,771
2019-09-24,933.1708333,15.1125,84.04166667,3.9,771
2019-09-25,930.5416667,15.63333333,92.66666667,3.2,771
2019-09-26,929.4625,16.04583333,91.375,2.5,771
2019-09-27,930.0041667,16.04166667,86.79166667,5.2,771
2019-09-28,931.5291667,14.25416667,91.16666667,4.6,771
2019-09-29,928.8666667,16.22916667,82.54166667,4.4,771
2019-09-30,928.0208333,17.4375,81,5.2,771
2019-10-01,927.0791667,20.19583333,74.625,4.4,771
2019-10-02,925.9125,23.5875,61.83333333,3,771
2019-10-03,928.1791667,19.64166667,74.83333333,4.7,771
2019-10-04,928.7875,19.35,78.29166667,4.6,771
2019-10-05,925.65,22.54166667,69.66666667,3.4,771
2019-10-06,927.4708333,18.29166667,88,4.9,771
2019-10-07,928.8458333,17.1,93.875,4,771
2019-10-08,929.1958333,16.66666667,94.625,2.8,771
2019-10-09,930.175,16.70416667,95.25,3.7,771
2019-10-10,929.7875,18.42083333,88.66666667,3.7,771
2019-10-11,928.9916667,20.5,83.79166667,4.3,771
2019-10-12,928.1625,23.9125,69.91666667,3.5,771
2019-10-13,926.4625,25.89166667,58.54166667,3.3,771
2019-10-14,927.3666667,22.92083333,72.125,4.5,771
2019-10-15,930.55,19.30833333,87.29166667,4,771
2019-10-16,930.7041667,19.42083333,87.375,3.8,771
2019-10-17,929.6291667,20.65,85.83333333,4.4,771
2019-10-18,927.8333333,22.54166667,83.20833333,3.2,771
2019-10-19,928.4083333,20.95833333,85.875,4.6,771
2019-10-20,928.2375,15.78333333,85.95833333,4.8,771
2019-10-21,924.7791667,15.68333333,85.16666667,3.1,771
2019-10-22,924.2041667,17.7625,86.125,3.6,771
2019-10-23,927.7291667,18.6,82.54166667,4.1,771
2019-10-24,927.4833333,19.525,84.41666667,4.2,771
2019-10-25,927.7375,19.30833333,86.41666667,4.2,771
2019-10-26,928.5875,19.96666667,86.25,4.3,771
2019-10-27,926.9625,24.2,70,3.3,771
2019-10-28,925.7125,24.14583333,67.83333333,4.5,771
2019-10-29,924.5375,24.53333333,66.33333333,2.9,771
2019-10-30,925.4291667,24.975,70.95833333,4,771
2019-10-31,927.875,21.4875,84.75,3.8,771
2019-11-01,929.5583333,20.90416667,85.16666667,4.5,771
2019-11-02,928.075,22.0875,84.46666667,4.4,771
2019-11-03,923.7458333,25.2875,68.29166667,3.5,771
2019-11-04,923.2,23.81666667,80.625,3.9,771
2019-11-05,924.1333333,23.87916667,76.375,4.8,771
2019-11-06,928.5875,18.12083333,93.625,4.7,771
2019-11-07,926.85,18.20833333,91.95833333,3.2,771
2019-11-08,925.4041667,19.1125,93.83333333,2.9,771
2019-11-09,926.275,20.64166667,91.20833333,4.7,771
2019-11-10,926.5958333,21.325,89.08333333,3.2,771
2019-11-11,927.8041667,19.11666667,94.04166667,4.7,771
2019-11-12,929.1958333,18.05833333,92.29166667,4.8,771
2019-11-13,927.1541667,19.38333333,85.5,4.7,771
2019-11-14,923.175,21.69166667,85.33333333,3.9,771
2019-11-15,922.0291667,18.77916667,91.58333333,3.6,771
2019-11-16,923.5833333,16.79583333,83.66666667,3.6,771
2019-11-17,925.4041667,17.1375,79.58333333,4.6,771
2019-11-18,927.8875,17.21666667,89.45833333,4,771
2019-11-19,928.8,18.675,91.625,3.9,771
2019-11-20,928.7333333,19.34166667,90.70833333,4.1,771
2019-11-21,927.6333333,20.81666667,84.29166667,4.5,771
2019-11-22,924.8791667,22.89166667,77.875,3,771
2019-11-23,924.1375,21.67083333,82.375,4.8,771
2019-11-24,928.1208333,15.87083333,84.625,5,771
2019-11-25,927.7166667,16.025,80.04166667,4.3,771
2019-11-26,926.3208333,18.8125,81.75,4.4,771
2019-11-27,923.675,21.24166667,83.125,3.6,771
2019-11-28,925.1583333,18.77083333,93.625,4.5,771
2019-11-29,926.8583333,16.75833333,86.125,4.8,771
2019-11-30,924.6083333,20.60833333,85.33333333,3.9,771
2019-12-01,924.2291667,23.49166667,78.75,3.9,771
2019-12-02,927.1916667,17.39166667,89.08333333,3.8,771
2019-12-03,926.5875,16.21666667,88.29166667,3.5,771
2019-12-04,925.5916667,19.74166667,86.08333333,3.7,771
2019-12-05,922.6833333,22.85,85.20833333,4.5,771
2019-12-06,923.2125,18.825,91.45833333,3.3,771
2019-12-07,925.9208333,19.325,78.29166667,4.7,771
2019-12-08,926.8458333,18.72083333,72.58333333,4.5,771
2019-12-09,925.7,19.28333333,86.875,3.9,771
2019-12-10,925.3041667,20.32916667,92.08333333,2.5,771
2019-12-11,924.075,20.62916667,90.29166667,2.8,771
2019-12-12,922.5208333,22.49583333,79.875,2.8,771
2019-12-13,925.45,21.90416667,88.16666667,4.4,771
2019-12-14,930.4291667,21.17083333,89.58333333,4.6,771
2019-12-15,928.625,23.74166667,80.20833333,2.9,771
2019-12-16,925.2708333,25.62083333,68.70833333,4.4,771
2019-12-17,924.8,22.6,79.79166667,4.2,771
2019-12-18,926.6291667,19.96666667,92.04166667,3.4,771
2019-12-19,928.7458333,19.40833333,92.75,3.4,771
2019-12-20,927.2958333,21.87083333,83.41666667,2.8,771
2019-12-21,924.3875,24.62916667,71.875,3.8,771
2019-12-22,924.3083333,23.76666667,71.91666667,3.5,771
2019-12-23,925.55,21.8875,82.5,3.7,771
2019-12-24,927.0041667,20.64166667,85.66666667,4.4,771
2019-12-25,926.7541667,22.34583333,77.25,4.3,771
2019-12-26,928.1,21.67916667,82.16666667,4.4,771
2019-12-27,929.2208333,21.1875,86.25,3.7,771
2019-12-28,928.3958333,22.55,83.45833333,4.3,771
2019-12-29,926.9833333,22.17916667,83.58333333,4.4,771
2019-12-30,924.8458333,22.25416667,80.66666667,5.3,771
2019-12-31,923.3333333,23.24166667,76.66666667,3.9,771
2020-01-01,921.6625,25.72083333,69.95833333,3.9,771
2020-01-02,921.8208333,22.17916667,89.125,3.9,771
2020-01-03,924.55,19.93333333,89.95833333,3.9,771
2020-01-04,923.2791667,20.15833333,89.70833333,4.3,771
2020-01-05,922.0458333,20.075,89.54166667,3.4,771
2020-01-06,921.95,23.4875,78,3.4,771
2020-01-07,923.5208333,25.83333333,72.375,3.4,771
2020-01-08,924.5416667,23.66666667,93.13333333,3.9,771
2020-01-09,925.3541667,23.7125,87.25,2.9,771
2020-01-10,925,25.42916667,81.91666667,2.2,771
2020-01-11,923.9208333,26.22083333,66.03333333,2.8,771
2020-01-12,926.3041667,23.34583333,87.45833333,3.6,771
2020-01-13,928.4166667,20.95416667,90.83333333,4,771
2020-01-14,928.35,20.46666667,85.875,3.7,771
2020-01-15,925.9458333,23.225,80.875,3.5,771
2020-01-16,926.2333333,25.49166667,78.66666667,4.5,771
2020-01-17,930.6416667,19.42916667,92.5,4.6,771
2020-01-18,931.5166667,18.50833333,91.75,4.1,771
2020-01-19,929.1333333,20.325,88.25,3.3,771
2020-01-20,926.6416667,20.07083333,86.95833333,4.4,771
2020-01-21,923.8416667,19.94166667,81.20833333,4,771
2020-01-22,923.1,19.57083333,86,4.4,771
2020-01-23,921.9875,19.1,87.125,3,771
2020-01-24,920.0833333,18.64166667,90.33333333,4.1,771
2020-01-25,922.8625,19.59583333,84.375,3.4,771
2020-01-26,924.6416667,21.81666667,70.125,3.3,771
2020-01-27,924.7833333,23.675,55.20833333,3.9,771
2020-01-28,925.4,23.625,62.33333333,4,771
2020-01-29,925.9166667,24.225,78,3.8,771
2020-01-30,926.3791667,24.41666667,79.29166667,5.4,771
2020-01-31,926.3791667,24.325,80.125,4,771
2020-02-01,927.0791667,23.04166667,89.375,3,771
2020-02-02,927.7916667,21.52083333,92.83333333,4.8,771
2020-02-03,927.5541667,20.44583333,94.79166667,5,771
2020-02-04,927.5625,20.79166667,92.45833333,3.9,771
2020-02-05,926.7291667,21.88333333,90.08333333,3.6,771
2020-02-06,926.9083333,22.43333333,85.29166667,3.9,771
2020-02-07,926.0958333,22.47083333,83.79166667,2.7,771
2020-02-08,925.6833333,23.49166667,80.04166667,3.3,771
2020-02-09,925.1166667,23.5625,82.54166667,4.8,771
2020-02-10,927.1375,20.025,95.875,3.5,771
2020-02-11,928.9666667,17.55,92.41666667,4.1,771
2020-02-12,928.5875,17.9625,89.95833333,4,771
2020-02-13,927.6833333,19.73333333,87.625,4.2,771
2020-02-14,927.8333333,19.59583333,88.54166667,4.2,771
2020-02-15,926.4416667,22.53333333,80.83333333,4.2,771
2020-02-16,925.9208333,22.48333333,86.66666667,3,771
2020-02-17,925.9458333,23.55416667,84.29166667,3.8,771
2020-02-18,925.9083333,25.54166667,77.08333333,3.7,771
2020-02-19,924.4416667,24.59583333,81.20833333,3.3,771
2020-02-20,924.0208333,24.21666667,84.125,2.9,771
2020-02-21,925.5375,21.6625,90.5,3.4,771
2020-02-22,927.8583333,18.4625,91.58333333,4.4,771
2020-02-23,930.3291667,17.75833333,85.58333333,4.1,771
2020-02-24,928.0333333,20.03333333,83.58333333,3.4,771
2020-02-25,925.7541667,22.525,86.29166667,4,771
2020-02-26,922.4875,22.04583333,93.29166667,2.7,771
2020-02-27,925.9708333,17.55416667,91.79166667,3.4,771
2020-02-28,929.1416667,17.55,89.54166667,3.5,771
2020-02-29,929.0833333,19.49583333,92.91666667,3.6,771
2020-03-01,930.05,18.075,93.125,4.8,771
2020-03-02,929.4291667,18.7625,92.66666667,5.1,771
2020-03-03,927.7958333,18,92.91666667,4.5,771
2020-03-04,927.5041667,18.56666667,85.5,3.5,771
2020-03-05,929.0833333,18.44166667,85,4.5,771
2020-03-06,929.0875,18.625,81.66666667,4.5,771
2020-03-07,927.325,19.25833333,80.58333333,4.2,771
2020-03-08,927.2333333,18.94166667,86.29166667,3.7,771
2020-03-09,928.9875,20.81666667,83.20833333,3.5,771
2020-03-10,929.175,21.46666667,82.20833333,3.7,771
2020-03-11,928.2375,20.9625,82.79166667,4.5,771
2020-03-12,928.7666667,20.94166667,83.16666667,3.4,771
2020-03-13,928.9416667,20.87916667,84.5,4.3,771
2020-03-14,929.4666667,22.1,82.5,4.2,771
2020-03-15,927.8375,24.31666667,75,2.6,771
2020-03-16,926.8416667,24.39166667,72.125,2.6,771
2020-03-17,927.7083333,22.25416667,84.375,4.2,771
2020-03-18,927.3958333,22.28333333,85.04166667,4.4,771
2020-03-19,923.9416667,24.4125,81.54166667,2.5,771
2020-03-20,922.0375,21.87916667,88.16666667,3.8,771
2020-03-21,925.1333333,19.63333333,88.45833333,3.7,771
2020-03-22,929.0833333,19.5125,82.375,4.8,771
2020-03-23,931.4458333,19.05833333,78.54166667,4.6,771
2020-03-24,930.8041667,19.07083333,79.08333333,4.5,771
2020-03-25,929.2416667,18.675,80.25,3.9,771
2020-03-26,928.7208333,18.61666667,80.5,4.1,771
2020-03-27,928.3833333,19.3625,80.5,4.2,771
2020-03-28,929.25,20.8,81.75,3.8,771
2020-03-29,929.975,21.50416667,86.5,4.3,771
2020-03-30,929.3375,21.42083333,86.375,4.1,771
2020-03-31,927.7875,20.66666667,86.25,3.5,771
2020-04-01,928.1666667,20.49583333,85.91666667,3.6,771
2020-04-02,926.3125,23.775,73.375,3,771
2020-04-03,921.7208333,22.77916667,72.5,3.6,771
2020-04-04,925.1208333,18.40416667,80.625,4.1,771
2020-04-05,928.1666667,18.88333333,81.54166667,4.1,771
2020-04-06,927.5458333,22.14583333,72.04166667,2.2,771
2020-04-07,927.4458333,20.05,87.04166667,4.4,771
2020-04-08,928.8833333,17.29583333,91.33333333,3.8,771
2020-04-09,928.1916667,16.75,79.29166667,3.8,771
2020-04-10,927.7791667,16.8,79.58333333,3.5,771
2020-04-11,928.35,17.16666667,81.79166667,4.2,771
2020-04-12,930.1875,17.85416667,79.54166667,4.2,771
2020-04-13,929.4291667,17.62916667,82.70833333,3.7,771
2020-04-14,924.2625,19.25,79.91666667,3,771
2020-04-15,925.5291667,20.20833333,74.04166667,3.3,771
2020-04-16,930.1625,18.42916667,83.25,4.1,771
2020-04-17,933.55,16.94583333,84.75,3.6,771
2020-04-18,933.65,17.32083333,84.91666667,4.3,771
2020-04-19,933.0375,18.03333333,82.58333333,4.1,771
2020-04-20,931.8208333,18.10416667,82.66666667,3.9,771
2020-04-21,930.15,18.32083333,81.5,3.3,771
2020-04-22,929.2791667,17.60416667,85.41666667,3.7,771
2020-04-23,929.25,18.12083333,84.875,3.9,771
2020-04-24,930.5708333,19.39583333,83.83333333,4.1,771
2020-04-25,931.5958333,20.32916667,77.875,3.7,771
2020-04-26,932.5208333,20.25833333,76.41666667,3.3,771
2020-04-27,934.3458333,18.47916667,82.41666667,4.1,771
2020-04-28,933.2916667,19.59166667,77.75,3.4,771
2020-04-29,931.6583333,19.94583333,74.375,2.3,771
2020-04-30,929.9,20.6,71.66666667,2.5,771
2020-05-01,930.725,20.07916667,83.75,2.6,771
2020-05-02,928.9041667,19.51666667,87.875,4.7,771
2020-05-03,930.5625,16.54583333,78.58333333,4.3,771
2020-05-04,928.9166667,16.33333333,80.25,3.9,771
2020-05-05,926.2666667,19.15416667,67.125,3.2,771
2020-05-06,926.0875,19.4375,64.95833333,3.8,771
2020-05-07,930.825,13.70833333,89.25,4.8,771
2020-05-08,934.1083333,14.27916667,86.625,3.5,771
2020-05-09,933.9041667,16.1125,77.58333333,3.7,771
2020-05-10,932.4041667,17.10416667,75.91666667,3.2,771
2020-05-11,931.1125,18.38333333,66.5,2.5,771
2020-05-12,929.325,18.51666667,68.25,3.2,771
2020-05-13,926.7416667,18.69166667,69.95833333,3.1,771
2020-05-14,927.85,17.51666667,86.33333333,3.4,771
2020-05-15,931.1166667,14.9625,92.25,3.7,771
2020-05-16,929.7333333,17.00833333,79.79166667,3.1,771
2020-05-17,930.4375,16.5875,79.83333333,2.5,771
2020-05-18,932.5041667,15.54583333,86.95833333,3.9,771
2020-05-19,934.5375,17.74166667,83.66666667,4,771
2020-05-20,933.8708333,18.60833333,82.04166667,2.9,771
2020-05-21,931.6833333,19.3,75.91666667,2,771
2020-05-22,928.2458333,20.15416667,70.41666667,3.5,771
2020-05-23,925.8166667,19.90833333,76.75,4.1,771
2020-05-24,928.4333333,13.9125,72,3.7,771
2020-05-25,926.05,13.825,67.70833333,4.2,771
2020-05-26,925.9291667,14.20833333,60.95833333,3.2,771
2020-05-27,928.5333333,13.24166667,69.83333333,3.5,771
2020-05-28,931.45,13.27083333,82.66666667,3.1,771
2020-05-29,931.4666667,15.45416667,78.75,2.5,771
2020-05-30,930.0541667,16.9875,71.33333333,3,771
2020-05-31,929.2958333,17.26666667,60.33333333,2.2,771
2020-06-01,928.3541667,17.73333333,61.41666667,3.2,771
2020-06-02,928.8291667,15.81666667,93.16666667,2.1,771
2020-06-03,930.8583333,16.27916667,92.45833333,2.6,771
2020-06-04,933.3666667,17.23333333,93.125,3.1,771
2020-06-05,932.5708333,18.70833333,89.95833333,2,771
2020-06-06,929.6041667,20.125,79,3.6,771
2020-06-07,930.1583333,20.25,78.58333333,2.5,771
2020-06-08,930.35,19.8375,79.83333333,1.7,771
2020-06-09,928.6625,20.3875,85.04166667,2.4,771
2020-06-10,471.9041667,21.75083333,79.525,2.8,771
2020-06-11,927.6833333,22.35416667,67.08333333,4,771
2020-06-12,928.2291667,21.77916667,68.20833333,2.8,771
2020-06-13,929.6875,21.39166667,70.375,2.6,771
2020-06-14,935.2125,16.17083333,93.5,4.8,771
2020-06-15,937.3083333,15.725,93.16666667,3.6,771
2020-06-16,936.9833333,17.325,84.41666667,3.9,771
2020-06-17,934.9708333,18.29166667,78.83333333,2.6,771
2020-06-18,932.0041667,18.40416667,69.29166667,3.6,771
2020-06-19,931.2416667,19.30833333,66.125,3.4,771
2020-06-20,931.8,19.69166667,68.125,2.5,771
2020-06-21,931.2041667,20.28333333,71.41666667,2.6,771
2020-06-22,931.7041667,19.85833333,65.29166667,2.2,771
2020-06-23,929.5708333,18.95833333,65.29166667,2,771
2020-06-24,927.8333333,18.80416667,58,3.6,771
2020-06-25,926.9333333,20.2125,63.91666667,4.9,771
2020-06-26,929.4708333,17.22916667,88.66666667,3.7,771
2020-06-27,928.025,14.325,95.20833333,3.6,771
2020-06-28,932.0583333,13.33333333,94.08333333,3.5,771
2020-06-29,932.7791667,15.06666667,87.875,2.9,771
2020-06-30,926.0791667,18.05833333,75.08333333,5.6,771
2020-07-01,922.425,18.01666667,66.625,4.9,771
2020-07-02,927.0708333,12.75833333,81.16666667,3.8,771
2020-07-03,929.2166667,12.52916667,85.625,3.4,771
2020-07-04,930.2041667,15.67916667,75.08333333,2.4,771
2020-07-05,929.7541667,18.03333333,77.83333333,2.8,771
2020-07-06,929.4166667,19.17083333,74.5,3.4,771
2020-07-07,928.5791667,20.47083333,73.375,2.7,771
2020-07-08,925.3916667,20.89166667,52.95833333,5.3,771
2020-07-09,929.7083333,18.175,73.375,4,771
2020-07-10,932.0291667,14.18333333,83.58333333,2.7,771
2020-07-11,929.8875,19.0875,73.75,3.3,771
2020-07-12,927.175,20.78333333,61.95833333,4.1,771
2020-07-13,928.0791667,21.52083333,70.18333333,2.4,771
2020-07-14,931.1208333,16.5875,87.70833333,3.3,771
2020-07-15,933.6541667,13.1125,94.95833333,3.8,771
2020-07-16,934.0125,14.4,90.70833333,3.7,771
2020-07-17,932.5541667,16.7125,86.83333333,2.7,771
2020-07-18,933.1041667,17.94166667,84.125,2.3,771
2020-07-19,932.7708333,17.93333333,79.20833333,2.1,771
2020-07-20,932.1041667,18.30833333,71.125,4.2,771
2020-07-21,930.4,18.85833333,70.75,2.9,771
2020-07-22,930.2083333,18.83333333,73.20833333,2.7,771
2020-07-23,930.7083333,18.60416667,76.29166667,3.5,771
2020-07-24,930.3,19.3375,67.66666667,3.2,771
2020-07-25,931.1208333,19.79583333,60.41666667,4.2,771
2020-07-26,934.4291667,15.55,90.79166667,3.5,771
2020-07-27,931.8958333,19.17083333,74.875,3.4,771
2020-07-28,929.2,20.79583333,66.70833333,3.8,771
2020-07-29,932.5208333,15.03333333,91,5.2,771
2020-07-30,935.8333333,13.2625,95.125,4.3,771
2020-07-31,936.5458333,14.39583333,91.29166667,3.9,771
2020-08-01,935.8875,15.39583333,86.79166667,3.6,771
2020-08-02,936.3458333,15.57916667,85.91666667,4.1,771
2020-08-03,937.6791667,15.17083333,85.5,3.3,771
2020-08-04,937.925,15.33333333,83.16666667,3.5,771
2020-08-05,937.4708333,15.39166667,82.95833333,3.5,771
2020-08-06,936.4833333,15.76666667,82.25,3.2,771
2020-08-07,935.8166667,15.99583333,79.16666667,3.9,771
2020-08-08,935.5541667,15.99166667,84.375,4,771
2020-08-09,934.0708333,17.11666667,82.625,3.1,771
2020-08-10,930.2166667,19.04583333,67.20833333,2.1,771
2020-08-11,928.6416667,20.24583333,55.125,2.8,771
2020-08-12,928.0791667,19.20416667,75.25,4.3,771
2020-08-13,926.5125,18.77083333,82,2.8,771
2020-08-14,926.0208333,20.45416667,78.25,3.3,771
2020-08-15,925.2916667,18.7125,81.95833333,4.9,771
2020-08-16,927.4541667,17.05833333,90.33333333,2.9,771
2020-08-17,927.8958333,17.49583333,88.95833333,3.8,771
2020-08-18,926.9208333,16.6375,93.625,3.5,771
2020-08-19,925.8916667,17.1625,92.91666667,4.3,771
2020-08-20,930.9708333,14.67083333,91.875,3.9,771
2020-08-21,933.8083333,10.07916667,95.66666667,4.5,771
2020-08-22,934.8875,9.7125,94.33333333,4.5,771
2020-08-23,934.7583333,12.58333333,84.70833333,4.4,771
2020-08-24,933.6666667,13.19166667,81.08333333,4.4,771
2020-08-25,932.7333333,13.2125,83.125,4.6,771
2020-08-26,931.4541667,13.59583333,81.20833333,3.5,771
2020-08-27,930.8583333,16.325,81.95833333,3,771
2020-08-28,929.5083333,18.90416667,76.95833333,2.5,771
2020-08-29,927.65,21.32916667,64.45833333,2.6,771
2020-08-30,927.8375,22.18333333,64.25,3.2,771
2020-08-31,933.4291667,17.76666667,90.45833333,3.6,771
2020-09-01,935.6458333,17.54166667,93.54166667,3.9,771
2020-09-02,933.3833333,17.90833333,87.79166667,4.4,771
2020-09-03,928.6541667,21.65833333,67.08333333,3.6,771
2020-09-04,929.5125,20.02916667,72.20833333,4.7,771
2020-09-05,931.8,19.61666667,84,4.5,771
2020-09-06,928.7583333,21.81666667,70.125,4.3,771
2020-09-07,927.7333333,19.4,84.41666667,4.1,771
2020-09-08,927.7875,18.61666667,87.58333333,3.8,771
2020-09-09,930.3625,18.90416667,88.58333333,4.5,771
2020-09-10,929.375,23.40416667,69.79166667,4.6,771
2020-09-11,928.4333333,21.92916667,78.625,3.5,771
2020-09-12,928.5541667,25.82916667,58.95833333,3.4,771
2020-09-13,929.9375,24.1625,62.625,3.9,771
2020-09-14,930.8333333,23.35,55.5,5.5,771
2020-09-15,934.15,15.725,93.625,5.3,771
2020-09-16,929.6958333,20.06666667,79.29166667,4,771
2020-09-17,926.725,19.5875,86.08333333,5.2,771
2020-09-18,925.8708333,20.06666667,78.75,2.4,771
2020-09-19,925.2416667,23.25,72.375,2.7,771
2020-09-20,929.2125,17.13333333,90.79166667,4.1,771
2020-09-21,930.7041667,14.60833333,93.91666667,4.9,771
2020-09-22,933.2625,13.74166667,96.29166667,5.6,771
2020-09-23,934.6791667,15.70416667,91.29166667,4.2,771
2020-09-24,933.1125,18.04583333,84.41666667,4.7,771
2020-09-25,930.4458333,18.57083333,82.41666667,3.6,771
2020-09-26,926.475,21.49166667,73.33333333,3.2,771
2020-09-27,923.7916667,26.35416667,47.125,3.6,771
2020-09-28,925.1666667,22.10833333,70.75,5.8,771
2020-09-29,929.0375,19.47083333,90.91666667,3.6,771
2020-09-30,927.7125,24.4375,72.625,3.4,771
2020-10-01,926.0041667,26.13333333,64.5,2.9,771
2020-10-02,924.5958333,29.58333333,46.625,4.2,771
2020-10-03,927.9125,22.01666667,82.625,4.3,771
2020-10-04,930.4916667,18.60833333,95.29166667,4.5,771
2020-10-05,927.2166667,21.24166667,85.04166667,4.4,771
2020-10-06,925.55,23.12083333,82.79166667,4.3,771
2020-10-07,926.5625,23.26666667,79.58333333,3.9,771
2020-10-08,926.6291667,21.61666667,85.45833333,5.4,771
2020-10-09,469.8208333,21.75083333,79.525,3.2,771
2020-10-10,925.9291667,17.64166667,80.08333333,4.2,771
2020-10-11,929.5541667,16.30833333,76.29166667,5.1,771
2020-10-12,929.3208333,17.8125,79,3.7,771
2020-10-13,926.4166667,21.625,69.70833333,3.7,771
2020-10-14,925.4333333,21.36666667,76.58333333,4.3,771
2020-10-15,929.6041667,17.90416667,90.54166667,4.1,771
2020-10-16,932.2958333,15.54583333,90.79166667,4.8,771
2020-10-17,931.4041667,15.53333333,87.58333333,4,771
2020-10-18,928.2333333,18,80,4.1,771
2020-10-19,927.1958333,19.55,85.20833333,3.5,771
2020-10-20,928.0791667,20.74583333,87.25,3.7,771
2020-10-21,930.1208333,19.775,89.04166667,5,771
2020-10-22,931.1583333,18.76666667,88.70833333,5.1,771
2020-10-23,929.4166667,19.59166667,77.625,4.5,771
2020-10-24,925.8875,20.1625,81.95833333,3.2,771
2020-10-25,923.4916667,19.95,88.33333333,4.5,771
2020-10-26,923.2916667,19.275,85.58333333,3.6,771
2020-10-27,919.15,22.43333333,75.91666667,3.4,771
2020-10-28,919.3583333,24.64166667,57,3.6,771
2020-10-29,923.4208333,20.6125,81.625,5.7,771
2020-10-30,927.9333333,17.2,97.29166667,4.9,771
2020-10-31,929.475,15.53333333,95.95833333,4.8,771
2020-11-01,928.5333333,14.69166667,87.375,4.6,771
2020-11-02,927.7041667,14.59166667,81.33333333,4.7,771
2020-11-03,926.9208333,14.95833333,79.5,4.7,771
2020-11-04,927.6541667,15.95416667,84.45833333,4.4,771
2020-11-05,926.8,15.22083333,89.875,3.8,771
2020-11-06,928.2083333,15.90416667,83.91666667,4.1,771
2020-11-07,930.125,16.90416667,81.45833333,4.2,771
2020-11-08,929.5833333,18.59583333,78.41666667,3.8,771
2020-11-09,928.2166667,18.875,89.375,4.3,771
2020-11-10,927.3916667,21.02083333,87.875,4.1,771
2020-11-11,926.1958333,20.69166667,89.125,4.3,771
2020-11-12,924.8125,20.5,88.95833333,3.3,771
2020-11-13,924.4333333,20.31666667,92.79166667,4.7,771
2020-11-14,924.5541667,21.25833333,89.125,4.5,771
2020-11-15,924.5208333,24.42083333,76.79166667,3.1,771
2020-11-16,922.4333333,24.4125,74.125,3.3,771
2020-11-17,921.8958333,20.425,90,4,771
2020-11-18,924.0375,16.39166667,92.75,5.1,771
2020-11-19,923.0208333,16.3875,96.66666667,4.8,771
2020-11-20,926.3541667,16.075,85.79166667,4.1,771
2020-11-21,927.1458333,17.24583333,82.20833333,4.2,771
2020-11-22,929.5375,18.20833333,83.54166667,4.1,771
2020-11-23,931.2291667,18.89583333,82.875,4.9,771
2020-11-24,931.9333333,19.99166667,84,4.5,771
2020-11-25,929.8,21.7625,78.70833333,4.3,771
2020-11-26,927.7416667,23.6375,70.91666667,3.4,771
2020-11-27,928.6875,22.33333333,77.125,4.6,771
2020-11-28,930.3583333,21.9,80.625,5,771
2020-11-29,928.3958333,23.9875,74.25,3.2,771
2020-11-30,926.8083333,23.60416667,78.08333333,4.2,771
2020-12-01,926.5541667,21.94166667,87.29166667,4,771
2020-12-02,925.9083333,21.37083333,89.58333333,3.9,771
2020-12-03,923.35,24.31666667,75.08333333,3.3,771
2020-12-04,926.4791667,22.70833333,79.75,3.9,771
2020-12-05,929.0125,20.10416667,93.95833333,4.8,771
2020-12-06,927.525,18.69166667,94.83333333,3.8,771
2020-12-07,925.9708333,20.1,93.20833333,3.6,771
2020-12-08,925.2166667,21.17916667,90.75,3.5,771
2020-12-09,926.2208333,20.60416667,84.91666667,4.4,771
2020-12-10,926.4208333,20.6875,82.08333333,4.1,771
2020-12-11,926.3958333,21.6,80.625,4.1,771
2020-12-12,926.6291667,23.12916667,76.375,3.2,771
2020-12-13,926.1375,23.97083333,79.33333333,4,771
2020-12-14,924.7083333,24.05833333,76.91666667,3.7,771
2020-12-15,924.3375,23.775,79.54166667,2.7,771
2020-12-16,926.15,22.0375,88.625,4.3,771
2020-12-17,926.1083333,22.97916667,83.16666667,3.5,771
2020-12-18,924.3916667,22.32916667,87.08333333,3.7,771
2020-12-19,922.5416667,24.31666667,81.75,3.6,771
2020-12-20,923.5791667,23.71666667,83.625,3.1,771
2020-12-21,924.8083333,23.4,85.95833333,4.8,771
2020-12-22,926.4458333,19.99166667,95.75,4.3,771
2020-12-23,926.7416667,18.9,88.375,4.1,771
2020-12-24,926.8916667,19.16666667,88.29166667,4.8,771
2020-12-25,926.2958333,18.3875,88.41666667,4.5,771
2020-12-26,925.4666667,18.725,88.79166667,3.9,771
2020-12-27,926.65,20.77083333,88.04166667,2.5,771
2020-12-28,927.6708333,21.71666667,86,3,771
2020-12-29,925.6083333,22.55,83.08333333,4,771
2020-12-30,924.0208333,23.875,76.41666667,3.9,771
2020-12-31,925.0083333,23.63333333,78.125,5.2,771
2021-01-01,926.4208333,21.49166667,89.16666667,3.7,771
2021-01-02,926.9541667,19.6,94.95833333,3.4,771
2021-01-03,925.7375,19.59166667,87.125,4.7,771
2021-01-04,925.5458333,20.24583333,87.54166667,3.9,771
2021-01-05,925.5666667,23.3375,79,2.4,771
2021-01-06,924.7625,25.04166667,79.70833333,3,771
2021-01-07,924.1875,25.19583333,76.41666667,3.3,771
2021-01-08,924.7583333,22.525,87.625,2.9,771
2021-01-09,924.9541667,22.15,90.95833333,4.4,771
2021-01-10,925.3583333,22.675,89.5,3.7,771
2021-01-11,925.375,23.29583333,89.875,4.5,771
2021-01-12,925.2083333,23.83333333,88.54166667,3.9,771
2021-01-13,926.125,22.6375,92.20833333,4.6,771
2021-01-14,926.6875,22.24583333,90.125,4.2,771
2021-01-15,926.3708333,21.12916667,91.5,2.7,771
2021-01-16,924.3625,23.15833333,80.75,2.7,771
2021-01-17,923.4458333,25.35,69,4.2,771
2021-01-18,924.1791667,24.53333333,76.25,4.5,771
2021-01-19,926.8625,22.20416667,91.875,4.6,771
2021-01-20,927.4916667,22.55,89,4.1,771
2021-01-21,928.2375,22.11666667,89.16666667,4.3,771
2021-01-22,930.125,22.57916667,84.125,4,771
2021-01-23,929.6333333,22.59166667,85,5.1,771
2021-01-24,927.6791667,22.12083333,88.16666667,3.5,771
2021-01-25,925.6166667,23.37916667,82.16666667,3.7,771
2021-01-26,925.9583333,22.9125,90.81666667,3.1,771
2021-01-27,925.0458333,25.7,68.66666667,3.4,771
2021-01-28,924.5041667,24.67083333,72.91666667,3.2,771
2021-01-29,924.6791667,25.49583333,75.61666667,2.1,771
2021-01-30,925.9375,26.07916667,73.08333333,3.1,771
2021-01-31,925.7583333,25.6375,73.70833333,2.5,771
2021-02-01,925.5,24.22083333,74.25,3.5,771
2021-02-02,925.775,23.55416667,79.95833333,2.8,771
2021-02-03,926.675,23.77916667,81.70833333,4.3,771
2021-02-04,923.7333333,26.1875,75.79166667,3.2,771
2021-02-05,921.0291667,22.00833333,85.08333333,3.4,771
2021-02-06,922.75,20.26666667,83.70833333,4.9,771
2021-02-07,925.7291667,19.45833333,85.45833333,4.2,771
2021-02-08,926.2291667,19.79166667,79.25,4.6,771
2021-02-09,927.0708333,19.4625,82.25,4.5,771
2021-02-10,927.3333333,20.53333333,84.625,4.3,771
2021-02-11,927.25,20.06666667,89.95833333,3.4,771
2021-02-12,926.5458333,20.87083333,87.125,3.2,771
2021-02-13,925.4541667,20.72083333,95.08333333,1.9,771
2021-02-14,923.4291667,22.775,77.35833333,2.9,771
2021-02-15,922.15,23.72083333,77.20833333,3.4,771
2021-02-16,921.3333333,22.6375,85.23333333,2.9,771
2021-02-17,921.1166667,22.0125,84.29166667,3.3,771
2021-02-18,921.5375,22.15416667,84,4.5,771
2021-02-19,923.2166667,21.9,87,4.3,771
2021-02-20,926.6583333,22.15,84.16666667,4.4,771
2021-02-21,927.7,21.79583333,85.79166667,4.9,771
2021-02-22,927.9583333,21.9125,84.91666667,4.5,771
2021-02-23,926.4916667,23.71666667,72.91666667,3.2,771
2021-02-24,926.3708333,22.5,84.08333333,4,771
2021-02-25,925.2791667,21.00416667,90.83333333,3.8,771
2021-02-26,925.1416667,20.03333333,93.33333333,3,771
2021-02-27,926.9291667,20.525,91.08333333,3.3,771
2021-02-28,926.825,21.10833333,88.75,4.1,771
2021-03-01,925.7708333,22.50833333,86.75,4,771
2021-03-02,926.4125,22.85833333,84.91666667,3.9,771
2021-03-03,927.9916667,23.31666667,81.20833333,3.6,771
2021-03-04,926.4958333,22.5625,85.25,3.6,771
2021-03-05,922.2208333,21.95416667,84.33333333,4.3,771
2021-03-06,922.4208333,21.2,92.5,3.5,771
2021-03-07,924.9,20.60416667,92.41666667,3.7,771
2021-03-08,925.5041667,21.3,86.08333333,4.3,771
2021-03-09,924.125,21.00833333,83.95833333,5,771
2021-03-10,923.6583333,19.51666667,84.5,3.8,771
2021-03-11,924.3458333,22.3625,78.70833333,2.4,771
2021-03-12,926.5375,22.36666667,88.04166667,3.8,771
2021-03-13,927.775,22.07916667,86.5,3.9,771
2021-03-14,928.1041667,22.825,82.83333333,4,771
2021-03-15,927.2958333,22.52083333,79.25,4.3,771
2021-03-16,926.4083333,22.51666667,84.58333333,4,771
2021-03-17,924.7208333,23.97083333,76.83333333,2.9,771
2021-03-18,925.025,22.4,86,3,771
2021-03-19,927.3375,21.72916667,89.20833333,3.6,771
2021-03-20,929.7583333,22.79166667,85.83333333,4.1,771
2021-03-21,929.9875,23.80833333,79.125,2.7,771
2021-03-22,929.0583333,23.95,83.20833333,3.3,771
2021-03-23,928.9791667,23.20833333,81.58333333,3.5,771
2021-03-24,929.025,23.525,80.04166667,4.2,771
2021-03-25,929.5958333,22.47916667,83.20833333,3.8,771
2021-03-26,928.2,23.46666667,81.66666667,3.1,771
2021-03-27,926.8791667,24.47083333,78.16666667,3.6,771
2021-03-28,926.5125,24.1625,77.625,2.6,771
2021-03-29,925.5833333,23.40416667,78.45833333,3.1,771
2021-03-30,924.2708333,21.3375,85.375,3.4,771
2021-03-31,923.5708333,19.18333333,85.29166667,4.3,771
2021-04-01,925,18.25416667,83.04166667,4.1,771
2021-04-02,928.3666667,18.7125,84.29166667,3.6,771
2021-04-03,929.4166667,19.11666667,87.04166667,3.9,771
2021-04-04,930.1791667,19.20833333,85.125,4.8,771
2021-04-05,929.9125,19.71666667,83.91666667,4.7,771
2021-04-06,929.0291667,19.1375,86.875,3.1,771
2021-04-07,930.3,19.56666667,86.875,3.76,771
2021-04-08,932.5291667,19.63333333,79.875,3,771
2021-04-09,932.5958333,19.91666667,82.08333333,4.08,771
2021-04-10,929.5541667,21.51666667,74.375,3.34,771
2021-04-11,927.5458333,22.175,66.91666667,3.68,771
2021-04-12,927.3875,21.34583333,73.75,3.32,771
2021-04-13,930.9625,18.56666667,88.08333333,4.04,771
2021-04-14,930.8333333,17.75,85.375,3.86,771
2021-04-15,929.9958333,18.78333333,81.54166667,4.04,771
2021-04-16,928.0625,19.06666667,82.625,4,771
2021-04-17,926.65,20.17916667,77.91666667,3.58,771
2021-04-18,926.0916667,18.89166667,90.45833333,3.58,771
2021-04-19,927.5333333,17.81666667,89.95833333,3.94,771
2021-04-20,928.6333333,17.475,91.41666667,4.28,771
2021-04-21,928.5791667,17.22916667,90,3.9,771
2021-04-22,929.0666667,16.49583333,89.79166667,3.84,771
2021-04-23,928.6458333,16.90833333,87.20833333,4.2,771
2021-04-24,927.2041667,18.52083333,85.25,3.96,771
2021-04-25,925.6166667,19.75833333,82.95833333,3.74,771
2021-04-26,926.1375,19.49583333,86.08333333,4.2,771
2021-04-27,927.1416667,18.125,94.45833333,3.52,771
2021-04-28,928.6541667,17.49166667,85.58333333,4.08,771
2021-04-29,932.1916667,16.35416667,85.875,3.14,771
2021-04-30,934.0333333,16.56666667,85.20833333,3.7,771
